id,name,symbol,slug,num_market_pairs,date_added,tags,max_supply,circulating_supply,total_supply,platform,cmc_rank,self_reported_circulating_supply,self_reported_market_cap,last_updated,quote_eur_price,quote_eur_volume_24h,quote_eur_volume_change_24h,quote_eur_percent_change_1h,quote_eur_percent_change_24h,quote_eur_percent_change_7d,quote_eur_percent_change_30d,quote_eur_percent_change_60d,quote_eur_percent_change_90d,quote_eur_market_cap,quote_eur_market_cap_dominance,quote_eur_fully_diluted_market_cap,quote_eur_last_updated,platform_id,platform_name,platform_symbol,platform_slug,platform_token_address
1,Bitcoin,BTC,bitcoin,9121,2013-04-28T00:00:00Z,"[""mineable"",""pow"",""sha-256"",""store-of-value"",""state-channel"",""coinbase-ventures-portfolio"",""three-arrows-capital-portfolio"",""polychain-capital-portfolio"",""binance-labs-portfolio"",""blockchain-capital-portfolio"",""boostvc-portfolio"",""cms-holdings-portfolio"",""dcg-portfolio"",""dragonfly-capital-portfolio"",""electric-capital-portfolio"",""fabric-ventures-portfolio"",""framework-ventures-portfolio"",""galaxy-digital-portfolio"",""huobi-capital-portfolio"",""alameda-research-portfolio"",""a16z-portfolio"",""1confirmation-portfolio"",""winklevoss-capital-portfolio"",""usv-portfolio"",""placeholder-ventures-portfolio"",""pantera-capital-portfolio"",""multicoin-capital-portfolio"",""paradigm-portfolio""]",21000000,18942418,18942418,,1,,,2022-01-28T19:17:00Z,33111.57188730141,21007736245.133278,-10.6802,-0.18185062,1.05631667,-5.3573513,-22.06410041,-36.75053694,-40.01737108,627213235326.3123,41.8295,695343009633.3286,2022-01-28T19:18:02Z,,,,,
1027,Ethereum,ETH,ethereum,5482,2015-08-07T00:00:00Z,"[""mineable"",""pow"",""smart-contracts"",""ethereum-ecosystem"",""binance-smart-chain"",""coinbase-ventures-portfolio"",""three-arrows-capital-portfolio"",""polychain-capital-portfolio"",""binance-labs-portfolio"",""blockchain-capital-portfolio"",""boostvc-portfolio"",""cms-holdings-portfolio"",""dcg-portfolio"",""dragonfly-capital-portfolio"",""electric-capital-portfolio"",""fabric-ventures-portfolio"",""framework-ventures-portfolio"",""hashkey-capital-portfolio"",""kenetic-capital-portfolio"",""huobi-capital-portfolio"",""alameda-research-portfolio"",""a16z-portfolio"",""1confirmation-portfolio"",""winklevoss-capital-portfolio"",""usv-portfolio"",""placeholder-ventures-portfolio"",""pantera-capital-portfolio"",""multicoin-capital-portfolio"",""paradigm-portfolio""]",,119349323.749,119349323.749,,2,,,2022-01-28T19:17:00Z,2202.8810054762225,13854153832.923704,-15.6262,-0.62035446,0.14467637,-13.05593802,-34.35432621,-44.45449185,-43.20817916,262912358303.1043,17.5371,262912358303.10074,2022-01-28T19:18:02Z,,,,,
825,Tether,USDT,tether,27118,2015-02-25T00:00:00Z,"[""payments"",""stablecoin"",""asset-backed-stablecoin"",""binance-smart-chain"",""avalanche-ecosystem"",""solana-ecosystem"",""moonriver-ecosystem""]",,78168627985.9358,80074893058.70424,,3,,,2022-01-28T19:17:00Z,0.8973559869973134,48000164040.48384,-9.7354,-0.17366959,-0.71579997,-1.57009789,-0.00487528,-0.03687478,-0.05836172,70145086318.54524,4.6775,71855684694.39491,2022-01-28T19:18:02Z,1027,Ethereum,ETH,ethereum,0xdac17f958d2ee523a2206206994597c13d831ec7
1839,BNB,BNB,bnb,659,2017-07-25T00:00:00Z,"[""marketplace"",""centralized-exchange"",""payments"",""smart-contracts"",""binance-smart-chain"",""alameda-research-portfolio"",""multicoin-capital-portfolio"",""moonriver-ecosystem""]",165116760,165116760.89,165116760.89,,4,,,2022-01-28T19:17:00Z,345.22798776592055,1593363318.2802107,-10.2242,-0.01769831,3.27634666,-9.31461085,-26.36672454,-38.22025016,-26.59299247,57002927108.48134,3.8011,57002926801.232574,2022-01-28T19:18:02Z,,,,,
3408,USD Coin,USDC,usd-coin,2891,2018-10-08T00:00:00Z,"[""medium-of-exchange"",""stablecoin"",""asset-backed-stablecoin"",""binance-smart-chain"",""fantom-ecosystem"",""moonriver-ecosystem""]",,49632042993.88276,49632042993.88276,,5,,,2022-01-28T19:17:00Z,0.897326348478423,75937205464354.64,1.0019,-0.14655963,-0.68363931,-1.54911146,-0.0205,0.00079745,-0.01165693,44536139907.224915,2.9702,44536139907.22299,2022-01-28T19:18:02Z,1027,Ethereum,ETH,ethereum,0xa0b86991c6218b36c1d19d4a2e9eb0ce3606eb48
2010,Cardano,ADA,cardano,360,2017-10-01T00:00:00Z,"[""mineable"",""dpos"",""pos"",""platform"",""research"",""smart-contracts"",""staking"",""binance-smart-chain"",""cardano-ecosystem""]",45000000000,33557208871.549,34027415098.893,,6,,,2022-01-28T19:17:00Z,0.9252271111026696,1168365038.2377467,-30.4231,-0.10189887,-1.35396776,-15.36385824,-24.4913018,-35.8276823,-47.69418711,31048039420.89216,2.0706,41635219999.620255,2022-01-28T19:18:02Z,,,,,
5426,Solana,SOL,solana,244,2020-04-10T00:00:00Z,"[""pos"",""platform"",""solana-ecosystem"",""cms-holdings-portfolio"",""kenetic-capital-portfolio"",""alameda-research-portfolio"",""multicoin-capital-portfolio"",""okex-blockdream-ventures-portfolio""]",,314966456.3146898,511616946.142289,,7,,,2022-01-28T19:17:00Z,81.99145436781427,2071979180.3593962,-20.9536,-0.02398911,-0.34764686,-27.50871388,-47.90957448,-56.11610773,-52.93754407,25824557830.318058,1.7221,41948217493.42458,2022-01-28T19:18:02Z,,,,,
52,XRP,XRP,xrp,676,2013-08-04T00:00:00Z,"[""medium-of-exchange"",""enterprise-solutions"",""binance-chain"",""arrington-xrp-capital-portfolio"",""galaxy-digital-portfolio"",""a16z-portfolio"",""pantera-capital-portfolio""]",100000000000,47736918345,99989798601,,8,,,2022-01-28T19:17:00Z,0.5394272553175194,1300019335.8064537,-19.9337,-0.48532051,-1.55278266,-12.05835935,-27.6500456,-38.79701022,-44.26336649,25750594840.15989,1.7176,53942725531.75248,2022-01-28T19:18:02Z,,,,,
4172,Terra,LUNA,terra-luna,141,2019-07-26T00:00:00Z,"[""cosmos-ecosystem"",""store-of-value"",""defi"",""payments"",""coinbase-ventures-portfolio"",""binance-labs-portfolio"",""solana-ecosystem"",""arrington-xrp-capital-portfolio"",""hashkey-capital-portfolio"",""kenetic-capital-portfolio"",""huobi-capital-portfolio"",""pantera-capital-portfolio"",""terra-ecosystem""]",,400618009.6546948,818343163.234691,,9,,,2022-01-28T19:17:00Z,43.4561242235954,3123670220.0208735,51.6209,-0.35922903,-15.62056552,-32.69629128,-43.8771507,-8.05933968,11.47881841,17409305993.76396,1.161,35562022159.05594,2022-01-28T19:18:02Z,,,,,
74,Dogecoin,DOGE,dogecoin,444,2013-12-15T00:00:00Z,"[""mineable"",""pow"",""scrypt"",""medium-of-exchange"",""memes"",""payments"",""binance-smart-chain"",""doggone-doggerel""]",,132670764299.89409,132670764299.89409,,10,,,2022-01-28T19:17:00Z,0.12513878611149476,508693689.55019605,-23.2368,-0.52910777,-1.76962336,-9.61935119,-19.245987,-35.32687362,-49.06399703,16602258396.97298,1.1071,16602258396.971912,2022-01-28T19:18:02Z,,,,,
6636,Polkadot,DOT,polkadot-new,301,2020-08-19T00:00:00Z,"[""substrate"",""polkadot"",""binance-chain"",""binance-smart-chain"",""polkadot-ecosystem"",""three-arrows-capital-portfolio"",""polychain-capital-portfolio"",""arrington-xrp-capital-portfolio"",""blockchain-capital-portfolio"",""boostvc-portfolio"",""cms-holdings-portfolio"",""coinfund-portfolio"",""fabric-ventures-portfolio"",""fenbushi-capital-portfolio"",""hashkey-capital-portfolio"",""kenetic-capital-portfolio"",""1confirmation-portfolio"",""placeholder-ventures-portfolio"",""pantera-capital-portfolio"",""exnetwork-capital-portfolio"",""web3"",""spartan-group""]",,987579314.957085,1103303471.382273,,11,904869778,16227620361.807095,2022-01-28T19:17:00Z,16.089230344983793,915765516.1242225,-27.8522,-0.56260668,-1.89916291,-19.42824768,-36.203723,-51.30282264,-58.51186742,15889391082.285837,1.0597,17751303691.489414,2022-01-28T19:18:02Z,,,,,
5805,Avalanche,AVAX,avalanche,176,2020-07-13T00:00:00Z,"[""defi"",""smart-contracts"",""binance-smart-chain"",""polychain-capital-portfolio"",""avalanche-ecosystem"",""cms-holdings-portfolio"",""dragonfly-capital-portfolio"",""moonriver-ecosystem""]",,244863681.86643353,395891289.9134107,,12,,,2022-01-28T19:17:00Z,58.34100207481551,641676260.5746584,-20.588,-0.24104669,-0.46320502,-12.70820467,-38.99129443,-43.78781509,3.63625882,14285592571.816566,0.9527,23096694566.239155,2022-01-28T19:18:02Z,,,,,
4687,Binance USD,BUSD,binance-usd,2834,2019-09-20T00:00:00Z,"[""stablecoin"",""asset-backed-stablecoin"",""binance-chain"",""binance-smart-chain"",""harmony-ecosystem"",""moonriver-ecosystem""]",,14916329017.589256,14916329017.589256,,13,,,2022-01-28T19:17:00Z,0.8970613726070298,4403795983.499266,1.36,-0.21780016,-0.64292554,-1.63216931,-0.02066062,0.03321572,-0.03661475,13380862582.776686,0.8923,13380862582.777845,2022-01-28T19:18:02Z,1839,Binance Chain (BEP2),BNB,bnb,BUSD-BD1
3890,Polygon,MATIC,polygon,314,2019-04-28T00:00:00Z,"[""platform"",""enterprise-solutions"",""scaling"",""state-channel"",""binance-smart-chain"",""coinbase-ventures-portfolio"",""binance-launchpad"",""binance-labs-portfolio"",""polygon-ecosystem"",""moonriver-ecosystem""]",10000000000,7461070291.27,10000000000,,14,,,2022-01-28T19:17:00Z,1.457157418574529,1351024860.1554587,-25.5211,-1.12850271,0.00275164,-13.85681592,-36.95329433,-7.01808339,-14.83379024,10871953925.430103,0.7251,14571574185.741531,2022-01-28T19:18:02Z,,,,,
5994,Shiba Inu,SHIB,shiba-inu,298,2020-08-01T00:00:00Z,"[""memes"",""doggone-doggerel""]",,549063278876301.94,589735030408322.8,,15,,,2022-01-28T19:17:00Z,0.000018732463704496302,602295626.3814873,-33.1773,-0.19642536,-1.32069404,-17.69181035,-39.13478418,-52.19664415,-70.22720915,10285307943.022058,0.6859,11047190052.390907,2022-01-28T19:18:02Z,1027,Ethereum,ETH,ethereum,0x95ad61b0a150d79219dcf64e1e6cc01f0b64c4ce
7129,TerraUSD,UST,terrausd,273,2020-09-21T00:00:00Z,"[""cosmos-ecosystem"",""stablecoin"",""binance-smart-chain"",""terra-ecosystem""]",,11269935535.0542,11269935535.0542,,16,,,2022-01-28T19:17:00Z,0.8954442145035718,2358158251.0323215,327.7763,-0.22140017,-0.82331445,-1.53297881,-0.29084992,-0.35563239,-0.57862099,10091598572.692497,0.6729,10091598572.688442,2022-01-28T19:18:02Z,,,,,
3635,Crypto.com Coin,CRO,crypto-com-coin,127,2018-12-14T00:00:00Z,"[""medium-of-exchange"",""cosmos-ecosystem"",""centralized-exchange"",""mobile"",""payments""]",30263013692,25263013692,30263013692,,17,,,2022-01-28T19:17:00Z,0.3675245588753322,121144309.09032525,-21.7033,0.20268574,3.27253592,1.6431955,-26.28173557,-43.33186127,90.77679463,9284777963.013777,0.6192,11122400757.394148,2022-01-28T19:18:02Z,1027,Ethereum,ETH,ethereum,0xa0b73e1ff0b80914ab6fe0444e65848c4c34450b
3717,Wrapped Bitcoin,WBTC,wrapped-bitcoin,330,2019-01-30T00:00:00Z,"[""medium-of-exchange"",""defi"",""wrapped-tokens"",""fantom-ecosystem"",""moonriver-ecosystem""]",,271257.08547772,271257.08547772,,18,,,2022-01-28T19:17:00Z,33136.89026276679,243331436.12431052,-6.0294,-0.1692389,1.18634108,-5.14078177,-22.62563481,-35.49283962,-40.05060399,8988616274.473162,0.5996,8988616274.471024,2022-01-28T19:18:02Z,1027,Ethereum,ETH,ethereum,0x2260fac5e5542a773aa44fbcfedf7c193bc2c599
4943,Dai,DAI,multi-collateral-dai,748,2019-11-22T00:00:00Z,"[""defi"",""stablecoin"",""ethereum-ecosystem"",""binance-smart-chain"",""avalanche-ecosystem"",""polygon-ecosystem"",""fantom-ecosystem"",""harmony-ecosystem"",""moonriver-ecosystem""]",,9576513071.523434,9576513071.523434,,19,,,2022-01-28T19:17:00Z,0.8970877831188607,427713027.3415653,-23.5638,-0.18910538,-0.71772875,-1.54062107,0.27644152,-0.38866001,-0.10229468,8590972881.34175,0.5729,8590972881.337736,2022-01-28T19:18:02Z,1027,Ethereum,ETH,ethereum,0x6b175474e89094c44da98b954eedeac495271d0f
3794,Cosmos,ATOM,cosmos,230,2019-03-14T00:00:00Z,"[""platform"",""cosmos-ecosystem"",""content-creation"",""interoperability"",""binance-chain"",""binance-smart-chain"",""polychain-capital-portfolio"",""dragonfly-capital-portfolio"",""hashkey-capital-portfolio"",""1confirmation-portfolio"",""paradigm-portfolio"",""exnetwork-capital-portfolio""]",,286370297,0,,20,,,2022-01-28T19:17:00Z,25.328153120801232,1170660231.6966991,-24.9228,-0.48356026,-9.35664198,-23.94501732,3.6051582,3.73586305,-25.23619304,7253230731.665326,0.4837,0,2022-01-28T19:18:02Z,,,,,
2,Litecoin,LTC,litecoin,728,2013-04-28T00:00:00Z,"[""mineable"",""pow"",""scrypt"",""medium-of-exchange"",""binance-chain"",""binance-smart-chain""]",84000000,69515869.4948378,84000000,,21,,,2022-01-28T19:17:00Z,96.12377153794321,665977012.5871104,-23.4634,-0.15602191,-1.14633312,-13.61836266,-27.75710479,-48.45113351,-44.10395,6682127557.583264,0.4456,8074396809.183111,2022-01-28T19:18:02Z,,,,,
1975,Chainlink,LINK,chainlink,580,2017-09-20T00:00:00Z,"[""platform"",""defi"",""oracles"",""smart-contracts"",""substrate"",""polkadot"",""binance-smart-chain"",""polkadot-ecosystem"",""avalanche-ecosystem"",""solana-ecosystem"",""framework-ventures-portfolio"",""polygon-ecosystem"",""fantom-ecosystem"",""cardano-ecosystem"",""web3"",""near-protocol-ecosystem""]",1000000000,467009549.5205637,1000000000,,22,,,2022-01-28T19:17:00Z,14.043329803297475,764135799.0722826,-20.4188,-0.20576436,3.24340998,-19.61822224,-22.66438308,-37.53341619,-47.8686325,6558369125.206661,0.4374,14043329803.294346,2022-01-28T19:18:02Z,1027,Ethereum,ETH,ethereum,0x514910771af9ca656af840dff83e8264ecf986ca
7083,Uniswap,UNI,uniswap,333,2020-09-17T00:00:00Z,"[""decentralized-exchange"",""defi"",""dao"",""yield-farming"",""amm"",""binance-smart-chain"",""coinbase-ventures-portfolio"",""three-arrows-capital-portfolio"",""governance"",""blockchain-capital-portfolio"",""defiance-capital-portfolio"",""alameda-research-portfolio"",""a16z-portfolio"",""pantera-capital-portfolio"",""parafi-capital"",""paradigm-portfolio"",""arbitrum-ecosytem""]",1000000000,627478984.064984,1000000000,,23,,,2022-01-28T19:17:00Z,9.293360805401832,164357855.78407896,-39.2142,-0.57195152,-3.01311704,-27.18197865,-41.92811579,-48.87735127,-58.26968013,5831388596.722882,0.3889,9293360805.39873,2022-01-28T19:18:02Z,1027,Ethereum,ETH,ethereum,0x1f9840a85d5af5bf1d1762f925bdaddc4201f984
6535,NEAR Protocol,NEAR,near-protocol,99,2020-08-11T00:00:00Z,"[""platform"",""staking"",""binance-smart-chain"",""coinbase-ventures-portfolio"",""arrington-xrp-capital-portfolio"",""coinfund-portfolio"",""electric-capital-portfolio"",""fabric-ventures-portfolio"",""kenetic-capital-portfolio"",""near-protocol-ecosystem""]",1000000000,622653450,1000000000,,24,,,2022-01-28T19:17:00Z,9.305440793671337,573970380.9359208,-15.6137,-0.38611434,-7.95305342,-26.21531853,-28.72419454,23.85545285,-2.02590513,5794064813.950197,0.3864,9305440793.670015,2022-01-28T19:18:02Z,,,,,
4030,Algorand,ALGO,algorand,175,2019-06-20T00:00:00Z,"[""pos"",""platform"",""research"",""smart-contracts"",""arrington-xrp-capital-portfolio"",""kenetic-capital-portfolio"",""usv-portfolio"",""multicoin-capital-portfolio"",""exnetwork-capital-portfolio""]",10000000000,6547086511.008663,6986915174.008346,,25,,,2022-01-28T19:17:00Z,0.8602536295072599,256569809.40658036,-17.0706,1.29004091,0.88494639,-18.77429568,-36.90453759,-46.86350654,-47.2261731,5632154933.793226,0.3757,8602536295.075064,2022-01-28T19:18:02Z,,,,,
1958,TRON,TRX,tron,560,2017-09-13T00:00:00Z,"[""media"",""payments"",""tron-ecosystem"",""binance-smart-chain""]",,101802870699.75714,101802870884.81859,,26,71659659264,4059863103.038845,2022-01-28T19:17:00Z,0.05082801676550009,560010627.1975659,-27.7565,-0.33781833,-0.30510673,-12.95869826,-26.704544,-41.16788225,-44.21069774,5174438018.703294,0.3451,5174438028.111581,2022-01-28T19:18:02Z,,,,,
1831,Bitcoin Cash,BCH,bitcoin-cash,566,2017-07-23T00:00:00Z,"[""mineable"",""pow"",""sha-256"",""marketplace"",""medium-of-exchange"",""store-of-value"",""enterprise-solutions"",""payments"",""binance-chain"",""binance-smart-chain""]",21000000,18967768.75,18967768.75,,27,,,2022-01-28T19:17:00Z,259.7657988612161,3960193055.119822,-2.6321,-0.27426242,-1.03859595,-15.35903244,-33.63574041,-49.73395168,-50.67090722,4927177601.958561,0.3286,5455081776.086448,2022-01-28T19:18:02Z,,,,,
4195,FTX Token,FTT,ftx-token,110,2019-07-31T00:00:00Z,"[""marketplace"",""centralized-exchange"",""derivatives"",""cms-holdings-portfolio"",""kenetic-capital-portfolio"",""alameda-research-portfolio"",""pantera-capital-portfolio"",""exnetwork-capital-portfolio""]",352170015,138240528.91874373,334109864.9859715,,28,,,2022-01-28T19:17:00Z,34.896498116412594,160648503.81384173,-23.6859,-0.13002796,0.89180402,-9.16929973,-1.15837531,-24.63501307,-34.96101131,4824110357.024822,0.3217,12289500265.104246,2022-01-28T19:18:02Z,1839,Binance Chain (BEP2),BNB,bnb,FTT-F11
3513,Fantom,FTM,fantom,230,2018-10-29T00:00:00Z,"[""platform"",""enterprise-solutions"",""defi"",""research"",""scaling"",""smart-contracts"",""binance-smart-chain"",""fantom-ecosystem""]",3175000000,2545006273,2545006273,,29,,,2022-01-28T19:17:00Z,1.8619074818268615,1064653324.683045,-25.1521,-0.22257674,-3.20247773,-16.71971425,-4.36530218,-3.89563428,-24.57453539,4738566220.994996,0.316,5911556254.800788,2022-01-28T19:18:02Z,,,,,
512,Stellar,XLM,stellar,398,2014-08-05T00:00:00Z,"[""medium-of-exchange"",""enterprise-solutions"",""decentralized-exchange"",""smart-contracts"",""hashkey-capital-portfolio""]",50001806812,24821852263.214363,50001802268.434555,,30,,,2022-01-28T19:17:00Z,0.17431798414095093,226424274.76362115,-23.7256,-0.30038075,-0.6204832,-12.74020994,-28.74142848,-40.92837348,-46.10388479,4326895249.168028,0.2885,8716214166.871284,2022-01-28T19:18:02Z,,,,,
1966,Decentraland,MANA,decentraland,230,2017-09-17T00:00:00Z,"[""platform"",""collectibles-nfts"",""gaming"",""payments"",""metaverse"",""boostvc-portfolio"",""dcg-portfolio"",""fabric-ventures-portfolio"",""kenetic-capital-portfolio"",""polygon-ecosystem"",""play-to-earn""]",,1824501934.8740842,2193866927.320146,,31,,,2022-01-28T19:17:00Z,2.007017733624405,556519050.4037815,-28.9048,-0.04886768,-1.01811565,-9.27519337,-33.11514633,-55.12641803,-9.40952048,3661807738.3243265,0.2442,4403129828.342626,2022-01-28T19:18:02Z,1027,Ethereum,ETH,ethereum,0x0f5d2fb29fb7d3cfee444a200298f468908cc942
8916,Internet Computer,ICP,internet-computer,97,2021-03-23T00:00:00Z,"[""platform"",""distributed-computing"",""polychain-capital-portfolio"",""exnetwork-capital-portfolio""]",,199026764.78070688,476576081.4566358,,32,199052167.41398036,3949103657.809969,2022-01-28T19:17:00Z,17.79910382260101,202682114.04441467,-30.5983,-0.72078105,1.38515816,-21.01009421,-18.59395783,-52.75996303,-54.62588737,3542498049.8081913,0.2362,8482627153.212338,2022-01-28T19:18:02Z,,,,,
4023,Bitcoin BEP2,BTCB,bitcoin-bep2,102,2019-06-18T00:00:00Z,"[""binance-chain"",""binance-smart-chain""]",,105107.09860393,112501,,33,,,2022-01-28T19:17:00Z,33175.69910714535,250841636.15820295,422.5036,0.00964498,1.20894323,-4.96319716,-21.96777104,-36.66849655,-40.19734999,3487001477.309039,0.2326,3732299325.2569017,2022-01-28T19:18:02Z,1839,Binance Chain (BEP2),BNB,bnb,BTCB-1DE
4642,Hedera,HBAR,hedera,85,2019-09-17T00:00:00Z,"[""dag"",""marketplace"",""enterprise-solutions"",""payments"",""dcg-portfolio""]",50000000000,18092792421.137627,50000000000,,34,,,2022-01-28T19:17:00Z,0.1910695130424368,49043087.66491927,-40.2375,1.25491219,-0.25078787,-15.26550651,-25.14701814,-36.75875113,-49.3525651,3456981037.484658,0.2305,9553475652.12321,2022-01-28T19:18:02Z,,,,,
3077,VeChain,VET,vechain,163,2017-08-22T00:00:00Z,"[""logistics"",""data-provenance"",""iot"",""smart-contracts"",""fenbushi-capital-portfolio""]",86712634466,64315576989,86712634466,,35,,,2022-01-28T19:17:00Z,0.04710468614973049,214125917.09424806,-17.9285,-0.17759498,-0.28205125,-17.94124005,-38.06766986,-56.60688989,-60.07436446,3029565068.605674,0.202,4084571431.736244,2022-01-28T19:18:02Z,,,,,
3957,UNUS SED LEO,LEO,unus-sed-leo,17,2019-05-21T00:00:00Z,"[""marketplace"",""centralized-exchange"",""discount-token"",""payments"",""kenetic-capital-portfolio"",""alameda-research-portfolio""]",,953954130,985239504,,36,,,2022-01-28T19:17:00Z,3.0677027285730447,3657962.4047692157,-10.7074,-0.07514532,-1.680663,-8.35910999,-7.7475429,1.65088188,2.89735182,2926447687.5345254,0.1951,3022421914.71485,2022-01-28T19:18:02Z,1027,Ethereum,ETH,ethereum,0x2af5d2ad76741191d15dfe7bf6ac92d4bd912ca3
1321,Ethereum Classic,ETC,ethereum-classic,285,2016-07-24T00:00:00Z,"[""mineable"",""pow"",""ethash"",""platform"",""smart-contracts"",""binance-smart-chain"",""dcg-portfolio""]",210700000,132584918.28023136,210700000,,37,,,2022-01-28T19:17:00Z,21.92323704637968,325488924.8024081,-13.4365,-0.32725415,-1.10715215,-15.13669896,-29.38838544,-49.22007784,-53.76198333,2906690592.2323904,0.1938,4619226045.674801,2022-01-28T19:18:02Z,,,,,
6210,The Sandbox,SAND,the-sandbox,184,2020-08-05T00:00:00Z,"[""collectibles-nfts"",""content-creation"",""gaming"",""ethereum-ecosystem"",""binance-launchpad"",""metaverse"",""play-to-earn"",""animoca-brands-portfolio""]",3000000000,925054385.2233225,3000000000,,38,,,2022-01-28T19:17:00Z,3.0757246478483955,1071881409.4259723,-14.1967,0.3240447,-0.96192021,-7.29569961,-41.85924337,-51.91668304,107.82862193,2845212573.2316175,0.1898,9227173943.548407,2022-01-28T19:18:02Z,1027,Ethereum,ETH,ethereum,0x3845badAde8e6dFF049820680d1F14bD3903a5d0
4256,Klaytn,KLAY,klaytn,73,2020-03-30T00:00:00Z,"[""platform"",""enterprise-solutions""]",,2628031182.2,10782297980.8,,39,,,2022-01-28T19:17:00Z,1.057472808248946,46242985.36942985,-32.5656,-0.39777668,-2.99100907,-12.78147548,-8.23596841,-18.10063911,-26.35818752,2779071514.4068313,0.1853,11401986925.129288,2022-01-28T19:18:02Z,,,,,
2280,Filecoin,FIL,filecoin,169,2017-12-13T00:00:00Z,"[""mineable"",""distributed-computing"",""filesharing"",""storage"",""binance-smart-chain"",""polychain-capital-portfolio"",""blockchain-capital-portfolio"",""boostvc-portfolio"",""dcg-portfolio"",""hashkey-capital-portfolio"",""a16z-portfolio"",""winklevoss-capital-portfolio"",""pantera-capital-portfolio"",""web3""]",,154447467,154447467,,40,,,2022-01-28T19:17:00Z,17.246284840557667,350008529.38996786,-14.7971,0.19368668,-0.39926558,-22.25704042,-44.59129063,-65.48371581,-67.37128795,2663645008.784631,0.1776,2663645008.788416,2022-01-28T19:18:02Z,,,,,
6892,Elrond,EGLD,elrond-egld,75,2020-09-04T00:00:00Z,"[""binance-smart-chain"",""binance-launchpad"",""binance-labs-portfolio"",""electric-capital-portfolio"",""exnetwork-capital-portfolio"",""elrond-ecosystem""]",31415926,20654851.11216973,23016298,,41,,,2022-01-28T19:17:00Z,127.16986270225708,96825714.4312081,-26.7816,0.01068564,-1.09241144,-9.12760664,-41.12509573,-65.08688816,-46.3119984,2626674580.0701866,0.1752,3995158996.08208,2022-01-28T19:18:02Z,,,,,
5665,Helium,HNT,helium,39,2020-06-05T00:00:00Z,"[""mineable"",""enterprise-solutions"",""distributed-computing"",""iot"",""usv-portfolio"",""multicoin-capital-portfolio"",""web3""]",223000000,109331646.16125783,223000000,,42,,,2022-01-28T19:17:00Z,23.723008214645294,37207923.794730276,-39.0386,-0.20938006,-6.76686531,-3.16964467,-31.08777779,-34.60644451,-13.26385416,2593675540.004212,0.173,5290230831.864443,2022-01-28T19:18:02Z,,,,,
2416,Theta Network,THETA,theta-network,96,2018-01-17T00:00:00Z,"[""media"",""collectibles-nfts"",""content-creation"",""video"",""metaverse"",""huobi-capital-portfolio"",""web3""]",1000000000,1000000000,1000000000,,43,,,2022-01-28T19:17:00Z,2.5572290593111435,257956126.97810003,-53.468,-0.29415403,-5.2599846,-24.67310617,-44.98247713,-57.1957169,-64.07737136,2557229059.3111434,0.1705,2557229059.3139324,2022-01-28T19:18:02Z,,,,,
6783,Axie Infinity,AXS,axie-infinity,184,2020-08-31T00:00:00Z,"[""collectibles-nfts"",""gaming"",""binance-launchpad"",""metaverse"",""defiance-capital-portfolio"",""play-to-earn"",""animoca-brands-portfolio""]",270000000,60907500,270000000,,44,,,2022-01-28T19:17:00Z,40.437035024800394,331110939.11689335,12.6797,-0.25271355,-5.248985,-31.36553152,-53.18435961,-66.40742682,-69.43596547,2462918710.77303,0.1643,10917999456.691734,2022-01-28T19:18:02Z,1027,Ethereum,ETH,ethereum,0xbb0e17ef65f82ab018d8edd776e8dd940327b28b
328,Monero,XMR,monero,167,2014-05-21T00:00:00Z,"[""mineable"",""pow"",""medium-of-exchange"",""privacy"",""ringct"",""boostvc-portfolio"",""electric-capital-portfolio"",""galaxy-digital-portfolio""]",,18070121.77788621,18070121.77788621,,45,,,2022-01-28T19:17:00Z,129.7093354089605,119246468.59402944,-17.4494,-0.98831403,-1.8848663,-21.82104625,-31.66514738,-38.79385229,-45.41419695,2343863486.568604,0.1563,2343863486.5703173,2022-01-28T19:18:02Z,,,,,
2011,Tezos,XTZ,tezos,195,2017-10-06T00:00:00Z,"[""pos"",""platform"",""enterprise-solutions"",""collectibles-nfts"",""defi"",""smart-contracts"",""binance-smart-chain"",""polychain-capital-portfolio"",""boostvc-portfolio"",""winklevoss-capital-portfolio""]",,875891001.051712,904129636.461802,,46,,,2022-01-28T19:17:00Z,2.630458876186143,100835656.29450256,-1.3245,-0.25940216,-0.09719067,-19.71305758,-32.08336558,-43.6192856,-54.20479299,2303995258.2880425,0.1536,2378275827.4543533,2022-01-28T19:18:02Z,,,,,
1720,IOTA,MIOTA,iota,66,2017-06-13T00:00:00Z,"[""dag"",""medium-of-exchange"",""iot"",""sharing-economy"",""binance-smart-chain""]",2779530283,2779530283,2779530283,,47,,,2022-01-28T19:17:00Z,0.713986875063286,25694612.327967077,-12.5761,-0.33629437,-1.98861818,-15.40375443,-47.04975255,-43.45535001,-44.51981006,1984548140.902941,0.1323,1984548140.903354,2022-01-28T19:18:02Z,,,,,
1765,EOS,EOS,eos,422,2017-07-01T00:00:00Z,"[""medium-of-exchange"",""enterprise-solutions"",""smart-contracts"",""binance-chain"",""binance-smart-chain"",""fenbushi-capital-portfolio"",""galaxy-digital-portfolio""]",,979050130.3148,1045636355.6275,,48,,,2022-01-28T19:17:00Z,2.011540472807567,271118985.56220144,-19.9393,-0.42179839,0.5438048,-13.16477012,-27.43228809,-44.13280844,-49.95570998,1969398962.035743,0.1313,2103339849.1792738,2022-01-28T19:18:02Z,,,,,
3945,Harmony,ONE,harmony,81,2019-06-01T00:00:00Z,"[""platform"",""enterprise-solutions"",""scaling"",""smart-contracts"",""binance-smart-chain"",""binance-launchpad"",""binance-labs-portfolio"",""hashkey-capital-portfolio"",""harmony-ecosystem""]",,11602931448.10067,13331564448.10068,,49,,,2022-01-28T19:17:00Z,0.15811346408322796,118047421.0953206,-27.7698,-0.26279115,-4.32318,-27.78960228,-24.52222753,-33.96462902,-43.66283776,1834579684.7794213,0.1224,2107899836.5351453,2022-01-28T19:18:02Z,,,,,
7278,Aave,AAVE,aave,304,2020-10-02T00:00:00Z,"[""defi"",""dao"",""yield-farming"",""binance-smart-chain"",""three-arrows-capital-portfolio"",""governance"",""lending-borowing"",""blockchain-capital-portfolio"",""defiance-capital-portfolio"",""framework-ventures-portfolio"",""alameda-research-portfolio"",""pantera-capital-portfolio"",""parafi-capital"",""polygon-ecosystem"",""fantom-ecosystem""]",16000000,13489598.97952906,16000000,,50,,,2022-01-28T19:17:00Z,131.02399419494526,178247801.75616276,-12.6881,-0.58546876,-0.92877614,-22.81307679,-40.02763437,-40.27483664,-54.47211976,1767461138.385955,0.1179,2096383907.1234,2022-01-28T19:18:02Z,1027,Ethereum,ETH,ethereum,0x7Fc66500c84A76Ad7e9c93437bFc5Ac33E2DDaE9
16086,BitTorrent (New),BTT,bittorrent-new,22,2019-01-31T00:00:00Z,"[""platform"",""distributed-computing"",""filesharing"",""tron-ecosystem"",""storage"",""binance-smart-chain"",""binance-launchpad"",""binance-labs-portfolio"",""web3""]",,932497500000000,990000000000000,,51,,,2022-01-28T19:17:00Z,0.0000018565892745697641,39209579.18565784,-40.0382,0.51665111,-3.14740317,-12.28228833,-13.51923923,-13.51923923,-13.51923923,1731264857.0631185,0.1155,1838023381.8238392,2022-01-28T19:18:02Z,1958,Tron20,TRX,tron,TAFjULxiVgT4qWk6UZwjqwZXTSaGaqnVp4
6719,The Graph,GRT,the-graph,179,2020-12-17T00:00:00Z,"[""ai-big-data"",""enterprise-solutions"",""defi"",""binance-smart-chain"",""coinbase-ventures-portfolio"",""solana-ecosystem"",""analytics"",""coinfund-portfolio"",""dcg-portfolio"",""fabric-ventures-portfolio"",""framework-ventures-portfolio"",""ledgerprime-portfolio"",""multicoin-capital-portfolio"",""parafi-capital"",""polygon-ecosystem"",""fantom-ecosystem"",""web3"",""near-protocol-ecosystem"",""spartan-group""]",10057044431,4715735200,10000000000,,52,,,2022-01-28T19:17:00Z,0.36308466937872025,76976950.166577,-17.1221,-0.09058628,-0.64179109,-15.26612481,-37.28266674,-58.59669269,-57.33681879,1712211155.969593,0.1142,3651558652.157285,2022-01-28T19:18:02Z,1027,Ethereum,ETH,ethereum,0xc944e90c64b2c07662a292be6244bdf05cda44a7
7186,PancakeSwap,CAKE,pancakeswap,205,2020-09-25T00:00:00Z,"[""decentralized-exchange"",""defi"",""yield-farming"",""binance-chain"",""amm"",""binance-smart-chain""]",,262810923.33649385,262810923.33649385,,53,,,2022-01-28T19:17:00Z,6.362044536626421,161484280.1615289,1.4307,0.24549289,-0.31649323,-28.70231777,-40.29447529,-51.21471682,-60.84804487,1672014798.9786859,0.1115,1672014798.9825444,2022-01-28T19:18:02Z,1839,Binance Smart Chain (BEP20),BNB,bnb,0x0e09fabb73bd3ade0a17ecc321fd13a19e81ce82
4847,Stacks,STX,stacks,40,2019-10-28T00:00:00Z,"[""arrington-xrp-capital-portfolio"",""blockchain-capital-portfolio"",""dcg-portfolio"",""fabric-ventures-portfolio"",""hashkey-capital-portfolio"",""huobi-capital-portfolio"",""usv-portfolio"",""web3""]",1818000000,1296058653.463863,1352464600,,54,1048765672.087772,1499729971.3442514,2022-01-28T19:17:00Z,1.2829245643623686,45069810.98671804,-16.764,0.04130797,1.76402537,-22.64973378,-34.66195801,-33.05116156,-25.54874956,1662745483.3832042,0.1109,2332356858.0065236,2022-01-28T19:18:02Z,,,,,
1518,Maker,MKR,maker,234,2017-01-29T00:00:00Z,"[""store-of-value"",""defi"",""dao"",""binance-smart-chain"",""polychain-capital-portfolio"",""governance"",""lending-borowing"",""dragonfly-capital-portfolio"",""electric-capital-portfolio"",""a16z-portfolio"",""1confirmation-portfolio"",""placeholder-ventures-portfolio"",""pantera-capital-portfolio"",""paradigm-portfolio"",""near-protocol-ecosystem"",""spartan-group""]",1005577,977647.37512502,977647.37512502,,55,,,2022-01-28T19:17:00Z,1635.858113990911,214149034.25114223,27.1753,0.10736749,2.45440407,-1.46631642,-24.69637601,-41.19787583,-24.7088735,1599292391.2201803,0.1066,1644981294.6898036,2022-01-28T19:18:02Z,1027,Ethereum,ETH,ethereum,0x9f8f72aa9304c8b593d555f12ef6589cc3a579a2
4558,Flow,FLOW,flow,56,2021-01-27T00:00:00Z,"[""collectibles-nfts"",""coinbase-ventures-portfolio"",""coinfund-portfolio"",""dcg-portfolio"",""ledgerprime-portfolio"",""a16z-portfolio"",""animoca-brands-portfolio""]",,318082398,1378211739,,56,,,2022-01-28T19:17:00Z,4.891327212096484,187971746.34639242,-16.7271,0.54175241,6.63397241,-13.07474495,-37.31721109,-58.13202908,-61.30470836,1555845089.026304,0.1038,6741284582.99862,2022-01-28T19:18:02Z,,,,,
3602,Bitcoin SV,BSV,bitcoin-sv,167,2018-11-09T00:00:00Z,"[""mineable"",""pow"",""sha-256"",""medium-of-exchange"",""store-of-value"",""state-channel""]",21000000,18963989.14423905,18963989.14423905,,57,,,2022-01-28T19:17:00Z,79.6484938312913,116986896.23528995,-7.0815,-0.32172563,0.25749266,-17.83544885,-27.76122389,-42.01150905,-45.36799168,1510453172.3715992,0.1007,1672618370.4608564,2022-01-28T19:18:02Z,,,,,
2563,TrueUSD,TUSD,trueusd,223,2018-03-06T00:00:00Z,"[""store-of-value"",""stablecoin"",""asset-backed-stablecoin"",""binance-smart-chain"",""avalanche-ecosystem""]",,1486004477.2898638,1486004477.2898638,,58,,,2022-01-28T19:17:00Z,0.8966846218028781,85952019.01898928,9.4572,-0.22561008,-0.75370029,-1.6530629,-0.07634321,-0.01489995,-0.09213183,1332477362.7160451,0.0889,1332477362.7182918,2022-01-28T19:18:02Z,1839,Binance Chain (BEP2),BNB,bnb,TUSDB-888
5034,Kusama,KSM,kusama,119,2019-12-12T00:00:00Z,"[""substrate"",""polkadot-ecosystem"",""cms-holdings-portfolio"",""kenetic-capital-portfolio"",""1confirmation-portfolio"",""vbc-ventures-portfolio""]",,8470098.05726206,9651217.45126206,,59,8597992,1410570264.3573139,2022-01-28T19:17:00Z,147.18522003497554,46821634.16868072,-30.0558,-0.45532526,-1.29919349,-29.4068761,-43.54241453,-54.88421041,-56.39073506,1246673246.275935,0.0831,1420516564.1710985,2022-01-28T19:18:02Z,,,,,
2130,Enjin Coin,ENJ,enjin-coin,215,2017-11-01T00:00:00Z,"[""media"",""collectibles-nfts"",""gaming"",""ethereum-ecosystem"",""metaverse"",""arrington-xrp-capital-portfolio""]",1000000000,853576205.567558,1000000000,,60,,,2022-01-28T19:17:00Z,1.4447700751948203,194347797.3263356,-22.6721,-0.01146577,0.43237451,-16.84082191,-40.11492265,-56.60376597,-42.98978179,1233221358.7023504,0.0822,1444770075.1939917,2022-01-28T19:18:02Z,1027,Ethereum,ETH,ethereum,0xf629cbd94d3791c9250152bd8dfbdf380e2a3b9c
2502,Huobi Token,HT,huobi-token,108,2018-02-03T00:00:00Z,"[""marketplace"",""centralized-exchange"",""discount-token"",""payments"",""algorand-ecosystem"",""kenetic-capital-portfolio"",""alameda-research-portfolio"",""multicoin-capital-portfolio""]",500000000,156741729.25441208,500000000,,61,,,2022-01-28T19:17:00Z,7.823530262051867,38555312.78618833,-32.0719,-0.13526998,0.20982175,-12.07466357,-10.05455082,-12.25566342,-6.08247122,1226273662.1482334,0.0818,3911765131.029896,2022-01-28T19:18:02Z,1027,Ethereum,ETH,ethereum,0x6f259637dcd74c767781e37bc6133cd6a68aa161
10791,eCash,XEC,ecash,46,2021-07-08T00:00:00Z,[],21000000000000,18963729673313,18899704673313,,62,,,2022-01-28T19:17:00Z,0.00006424999718192862,17097798.293292634,-0.7354,0.19359918,2.82290496,-16.19845957,-34.71439595,-52.47874246,-62.98343464,1218419578.0692165,0.0813,1349249940.8244863,2022-01-28T19:18:02Z,,,,,
2087,KuCoin Token,KCS,kucoin-token,35,2017-10-24T00:00:00Z,"[""marketplace"",""centralized-exchange"",""discount-token"",""algorand-ecosystem""]",170118638,80118638,170118638,,63,,,2022-01-28T19:17:00Z,14.731566744927935,13618131.332391607,-35.7338,-0.47197036,3.31092118,-10.55970334,-22.11706123,-34.88423278,-9.09231081,1180273063.2097197,0.0787,2506114070.251045,2022-01-28T19:18:02Z,1027,Ethereum,ETH,ethereum,0xf34960d9d60be18cc1d5afc1a6f012a723a28811
1376,Neo,NEO,neo,239,2016-09-08T00:00:00Z,"[""platform"",""enterprise-solutions"",""smart-contracts""]",100000000,70538831,100000000,,64,,,2022-01-28T19:17:00Z,16.557313848508763,74492479.42214246,-20.5102,0.04656861,1.09026507,-15.25131486,-30.53125894,-51.65072794,-56.5287584,1167933563.3739192,0.0779,1655731384.8472161,2022-01-28T19:18:02Z,,,,,
4157,THORChain,RUNE,thorchain,68,2019-07-23T00:00:00Z,"[""cosmos-ecosystem"",""decentralized-exchange"",""defi"",""multicoin-capital-portfolio"",""exnetwork-capital-portfolio""]",500000000,330688061.33445597,334937974.91478544,,65,224410215,879492728.9223206,2022-01-28T19:17:00Z,3.516058929094864,32012565.84313282,-32.1885,-0.26682092,-2.49770213,-20.26793548,-44.36335219,-63.94670572,-73.15294058,1162718710.8000839,0.0775,1758029464.5473776,2022-01-28T19:18:02Z,1839,Binance Chain (BEP2),BNB,bnb,RUNE-B1A
7080,Gala,GALA,gala,115,2020-09-16T00:00:00Z,"[""collectibles-nfts"",""gaming"",""polygon-ecosystem"",""play-to-earn""]",,6977205436,35240112493,,66,,,2022-01-28T19:17:00Z,0.1662038789324786,361750488.8943829,-22.5855,-0.21004605,-3.1518692,-23.1317069,-59.91344275,-72.53992305,69.36744874,1159638607.5719755,0.0773,5857043390.349722,2022-01-28T19:18:02Z,1027,Ethereum,ETH,ethereum,0x15D4c048F83bd7e37d49eA4C83a07267Ec4203dA
6538,Curve DAO Token,CRV,curve-dao-token,230,2020-08-14T00:00:00Z,"[""decentralized-exchange"",""defi"",""dao"",""yield-farming"",""amm"",""governance"",""framework-ventures-portfolio"",""alameda-research-portfolio"",""polygon-ecosystem"",""fantom-ecosystem""]",3303030299,456142447.4465161,1679034018.1114962,,67,,,2022-01-28T19:17:00Z,2.515751889029569,310448383.1338351,-11.7487,-1.00668819,-2.42346391,-24.83802897,-43.12445361,-42.737061,-42.06725043,1147541223.830144,0.0765,8309604714.2271,2022-01-28T19:18:02Z,1027,Ethereum,ETH,ethereum,0xD533a949740bb3306d119CC777fa900bA034cd52
1697,Basic Attention Token,BAT,basic-attention-token,276,2017-06-01T00:00:00Z,"[""marketing"",""content-creation"",""defi"",""payments"",""binance-smart-chain"",""dcg-portfolio"",""1confirmation-portfolio"",""pantera-capital-portfolio"",""web3""]",1500000000,1494840445.4473505,1500000000,,68,,,2022-01-28T19:17:00Z,0.7675694494000689,147434083.00527143,-15.6429,0.09565356,0.78001458,-3.57001367,-27.66934639,-46.03255982,-25.74955038,1147393857.6529765,0.0765,1151354174.1042106,2022-01-28T19:18:02Z,1027,Ethereum,ETH,ethereum,0x0d8775f648430679a709e98d2b0cb6250d2887ef
1934,Loopring,LRC,loopring,174,2017-08-30T00:00:00Z,"[""marketplace"",""decentralized-exchange"",""defi"",""scaling"",""rollups""]",1374513896,1329247432.8078947,1373873440.4424574,,69,,,2022-01-28T19:17:00Z,0.8616571993145873,249046159.1685317,-33.6608,-0.47425289,-4.10804148,-2.46175351,-52.40243016,-67.40473736,72.16343803,1145355620.1493556,0.0764,1184359794.0487587,2022-01-28T19:18:02Z,1027,Ethereum,ETH,ethereum,0xbbbbca6a901c926f240b89eacb641d8aec7aeafd
3897,OKB,OKB,okb,58,2019-04-30T00:00:00Z,"[""marketplace"",""centralized-exchange"",""discount-token"",""alameda-research-portfolio""]",,60000000,300000000,,70,,,2022-01-28T19:17:00Z,18.65474322181287,306180814.75970125,608.1524,0.1067328,-0.05903476,-11.06521781,-28.61928942,-14.96827052,-1.55488041,1119284593.308772,0.0746,5596422966.545271,2022-01-28T19:18:02Z,1027,Ethereum,ETH,ethereum,0x75231f58b43240c9718dd58b4967c5114342a86c
6945,Amp,AMP,amp,63,2020-09-08T00:00:00Z,[],92547638199,42227702186,99213408535,,71,36271610691,1056370347.6030066,2022-01-28T19:17:00Z,0.02612858399194936,11454653.221506566,-46.7912,-0.28032366,-1.36051111,-8.83270071,-41.89988234,-55.14351276,-36.55207312,1103350063.3539245,0.0736,2418138737.9367175,2022-01-28T19:18:02Z,1027,Ethereum,ETH,ethereum,0xff20817765cb7f73d4bde2e66e067e58d11095c2
1437,Zcash,ZEC,zcash,242,2016-10-29T00:00:00Z,"[""mineable"",""pow"",""equihash"",""medium-of-exchange"",""privacy"",""zero-knowledge-proofs"",""binance-chain"",""binance-smart-chain"",""boostvc-portfolio"",""dcg-portfolio"",""electric-capital-portfolio"",""fenbushi-capital-portfolio"",""hashkey-capital-portfolio"",""winklevoss-capital-portfolio"",""placeholder-ventures-portfolio"",""pantera-capital-portfolio""]",21000000,13623512.5,13623512.5,,72,,,2022-01-28T19:17:00Z,79.47241422633778,193561925.9461924,-21.6055,-0.40544475,-1.73528031,-22.43192702,-39.45358582,-64.83864888,-42.67458107,1082693428.6176906,0.0722,1668920698.756842,2022-01-28T19:18:02Z,,,,,
5567,Celo,CELO,celo,76,2020-05-22T00:00:00Z,"[""pos"",""zero-knowledge-proofs"",""mobile"",""payments"",""smart-contracts"",""coinbase-ventures-portfolio"",""polychain-capital-portfolio"",""dragonfly-capital-portfolio"",""electric-capital-portfolio"",""a16z-portfolio"",""celo-ecosystem""]",1000000000,387111233,1000000000,,73,,,2022-01-28T19:17:00Z,2.7501542542146673,40609304.42509723,-36.1322,-0.66807792,-1.62412719,-20.17030153,-34.36954696,-38.96716525,-51.7619243,1064615604.2892355,0.071,2750154254.2124877,2022-01-28T19:18:02Z,,,,,
3155,Quant,QNT,quant,75,2018-08-10T00:00:00Z,"[""platform"",""interoperability""]",14612493,12072738,14612493.080826,,74,,,2022-01-28T19:17:00Z,84.75005294979076,38413636.08556152,-21.0813,-0.28329097,0.15816193,-22.22168307,-48.20747871,-53.56593404,-66.55315065,1023165184.748951,0.0682,1238409555.4778795,2022-01-28T19:18:02Z,1027,Ethereum,ETH,ethereum,0x4a220e6096b25eadb88358cb44068a3248254675
9903,Convex Finance,CVX,convex-finance,80,2021-05-18T00:00:00Z,"[""defi"",""yield-aggregator""]",100000000,47985013.528617,82662446.99569073,,75,2814665,65608771.62897609,2022-01-28T19:17:00Z,20.9122955283314,26694994.785253845,110.9038,-1.22562507,-10.00801712,-32.67191586,-50.59090905,-14.14599677,-18.8257102,1003476783.841419,0.0669,2091229552.8367655,2022-01-28T19:18:02Z,1027,Ethereum,ETH,ethereum,0x4e3fbd56cd56c3e72c1403e103b45db9da5b9d2b
1274,Waves,WAVES,waves,157,2016-06-02T00:00:00Z,"[""lpos"",""platform"",""smart-contracts""]",,107344996,107344996,,76,,,2022-01-28T19:17:00Z,8.893053591000976,119769108.13520403,-40.1233,-0.77976985,-0.01194418,-15.88439403,-31.81945122,-52.90690882,-62.95549276,954624802.1537853,0.0637,954624802.1537049,2022-01-28T19:18:02Z,,,,,
7653,Oasis Network,ROSE,oasis-network,41,2020-11-12T00:00:00Z,"[""cosmos-ecosystem"",""collectibles-nfts"",""defi"",""privacy"",""scaling"",""smart-contracts"",""polychain-capital-portfolio"",""binance-labs-portfolio"",""arrington-xrp-capital-portfolio"",""blockchain-capital-portfolio"",""dragonfly-capital-portfolio"",""electric-capital-portfolio"",""kenetic-capital-portfolio"",""huobi-capital-portfolio"",""a16z-portfolio"",""winklevoss-capital-portfolio"",""pantera-capital-portfolio""]",10000000000,3493014306.28,10000000000,,77,,,2022-01-28T19:17:00Z,0.2700562980877502,157341719.29725194,-29.4981,-0.7297283,-3.82966774,-24.41574758,-21.20450024,-9.46227491,58.22253597,943310512.7215278,0.0629,2700562980.8781276,2022-01-28T19:18:02Z,,,,,
4066,Chiliz,CHZ,chiliz,223,2019-07-01T00:00:00Z,"[""sports"",""collectibles-nfts"",""content-creation"",""payments""]",8888888888,5955069766.354118,8888888888,,78,,,2022-01-28T19:17:00Z,0.15777734890520978,116491628.3415429,-29.3474,0.01819728,-0.41407653,-19.62372216,-40.0682076,-62.25246699,-55.95091965,939575120.2809198,0.0627,1402465323.461707,2022-01-28T19:18:02Z,1027,Ethereum,ETH,ethereum,0x3506424f91fd33084466f402d5d97f05f8e3b4af
5632,Arweave,AR,arweave,46,2020-05-27T00:00:00Z,"[""distributed-computing"",""filesharing"",""storage"",""coinbase-ventures-portfolio"",""solana-ecosystem"",""arrington-xrp-capital-portfolio"",""blockchain-capital-portfolio"",""a16z-portfolio"",""multicoin-capital-portfolio"",""web3""]",66000000,33394701,63190435,,79,,,2022-01-28T19:17:00Z,27.432756546812648,24135210.3480127,-31.5316,-1.04999837,-0.54754444,-20.50549609,-45.66666211,-48.45512035,-39.50742874,916108702.4866009,0.0611,1810561932.0870879,2022-01-28T19:18:02Z,,,,,
2694,Nexo,NEXO,nexo,56,2018-05-01T00:00:00Z,"[""services"",""payments"",""cardano-ecosystem""]",1000000000,560000011,1000000000,,80,,,2022-01-28T19:17:00Z,1.5915855860259767,6965367.876474338,-21.5713,-1.42090332,-0.80799194,-15.22495023,-24.15290592,-31.58346106,-35.11337229,891287945.6819884,0.0594,1591585586.0221162,2022-01-28T19:18:02Z,1027,Ethereum,ETH,ethereum,0xb62132e35a6c13ee1ee0f84dc5d40bad8d815206
131,Dash,DASH,dash,325,2014-02-14T00:00:00Z,"[""mineable"",""hybrid-pow-pos"",""x11"",""medium-of-exchange"",""masternodes"",""dao"",""governance""]",18900000,10553710.54438895,10553710.54438895,,81,,,2022-01-28T19:17:00Z,83.54365999578545,162878450.5111328,-7.5568,-0.21470895,-0.71975905,-21.31081907,-30.54174098,-48.91816217,-49.54370705,881695605.4143662,0.0588,1578975173.9198394,2022-01-28T19:18:02Z,,,,,
8677,Symbol,XYM,symbol,34,2021-03-03T00:00:00Z,[],8999999999,5582460004.558402,7967988929.50477,,82,,,2022-01-28T19:17:00Z,0.15208371761935705,8497776.734114982,25.1537,-0.22545436,7.27851905,-2.29448919,-17.71517481,-51.55676648,-53.77569733,849001270.9546146,0.0566,1368753458.4224029,2022-01-28T19:18:02Z,,,,,
3330,Pax Dollar,USDP,paxos-standard,37,2018-09-27T00:00:00Z,"[""store-of-value"",""stablecoin"",""asset-backed-stablecoin"",""binance-smart-chain""]",,945642940.11,945642940.11,,83,,,2022-01-28T19:17:00Z,0.895935583948823,14381729.538346492,28.3826,-0.35305244,-0.6538408,-1.68336701,-0.16306841,-0.07527412,-0.1938487,847235159.7545347,0.0565,847235159.7528626,2022-01-28T19:18:02Z,1027,Ethereum,ETH,ethereum,0x8e870d67f660d95d5be530380d0ec0bd388289e1
5647,Kadena,KDA,kadena,16,2020-05-31T00:00:00Z,"[""mineable"",""pow"",""blake2s"",""platform"",""cosmos-ecosystem"",""smart-contracts"",""coinfund-portfolio"",""multicoin-capital-portfolio""]",1000000000,167816065.8932,1000000000,,84,167816065.8932,938665469.124958,2022-01-28T19:17:00Z,5.018152088953173,27413701.271484967,-56.4333,-0.22454921,-3.544034,-13.04760039,-56.61045036,-67.3623468,-8.37417992,842126541.621865,0.0562,5018152088.951338,2022-01-28T19:18:02Z,,,,,
3822,Theta Fuel,TFUEL,theta-fuel,28,2019-03-28T00:00:00Z,"[""media"",""content-creation"",""payments""]",,5301214400,5301214400,,85,,,2022-01-28T19:17:00Z,0.1539605162276892,84159534.37627602,-54.7304,-0.20031745,-3.78473391,2.09762116,-13.27698335,-43.26022081,-54.19813535,816177705.6576596,0.0544,816177705.6548216,2022-01-28T19:18:02Z,,,,,
3801,BORA,BORA,bora,4,2019-03-18T00:00:00Z,"[""marketplace"",""gaming"",""wallet""]",,861250000,1205750000,,86,861250000,872536097.5985628,2022-01-28T19:17:00Z,0.9089095820828387,151449784.77086842,-24.5919,-0.09489238,4.8322924,14.31122376,7.28668988,-21.30418103,264.88222872,782798377.5688449,0.0522,1095917728.598188,2022-01-28T19:18:02Z,4256,Klaytn,KLAY,klaytn,0x02cbe46fb8a1f579254a9b485788f2d86cad51aa
873,NEM,XEM,nem,120,2015-04-01T00:00:00Z,"[""poi"",""medium-of-exchange"",""payments"",""smart-contracts"",""fantom-ecosystem""]",8999999999,8999999999,8999999999,,87,,,2022-01-28T19:17:00Z,0.08663956992813382,24215296.77035381,-9.0634,-0.57115618,-3.51166319,-7.19147583,-23.3939449,-43.98696371,-46.14255255,779756129.2665648,0.052,779756129.2709919,2022-01-28T19:18:02Z,,,,,
5864,yearn.finance,YFI,yearn-finance,253,2020-07-18T00:00:00Z,"[""defi"",""yield-farming"",""binance-smart-chain"",""yield-aggregator"",""yearn-partnerships"",""three-arrows-capital-portfolio"",""polychain-capital-portfolio"",""governance"",""blockchain-capital-portfolio"",""framework-ventures-portfolio"",""alameda-research-portfolio"",""parafi-capital"",""fantom-ecosystem""]",36666,36637.72122588,36666,,88,,,2022-01-28T19:17:00Z,20629.983812734863,121694871.04227255,-18.8488,-0.30535193,-5.69953035,-21.03286908,-21.65997861,-23.94317061,-32.51555788,755835595.8253969,0.0504,756418986.4800243,2022-01-28T19:18:02Z,1027,Ethereum,ETH,ethereum,0x0bc529c00c6401aef6d220be8c6ea1667f6ad93e
5604,Secret,SCRT,secret,27,2020-05-19T00:00:00Z,"[""cosmos-ecosystem"",""defi"",""privacy""]",,149815729,190165060,,89,,,2022-01-28T19:17:00Z,4.998961464216092,23662114.89882998,-41.2564,-0.70967512,-5.35768635,-17.82646555,11.47610663,-9.91870544,-38.53656148,748923056.0044411,0.0499,950627806.7809696,2022-01-28T19:18:02Z,,,,,
8646,Mina,MINA,mina,48,2021-03-02T00:00:00Z,"[""pos"",""zero-knowledge-proofs"",""staking"",""coinbase-ventures-portfolio"",""polychain-capital-portfolio""]",,361722195.84003925,824104972,,90,,,2022-01-28T19:17:00Z,2.045029574757392,28785336.345378418,-12.0196,0.29389469,-0.00812815,-27.67277623,-33.33479295,-52.46866881,-49.4404475,739732588.3390654,0.0493,1685319040.4433246,2022-01-28T19:18:02Z,,,,,
1168,Decred,DCR,decred,56,2016-02-10T00:00:00Z,"[""mineable"",""hybrid-pow-pos"",""blake256"",""medium-of-exchange"",""store-of-value"",""privacy"",""dao"",""placeholder-ventures-portfolio""]",21000000,13717037.89222349,13717037.89222349,,91,,,2022-01-28T19:17:00Z,53.34358167051502,4022462.0893732426,-70.5725,0.13164019,-1.9710596,3.11180472,-16.43246182,-43.75122285,-49.04641835,731715931.081373,0.0488,1120215215.082593,2022-01-28T19:18:02Z,,,,,
5692,Compound,COMP,compound,241,2020-06-16T00:00:00Z,"[""defi"",""dao"",""yield-farming"",""binance-smart-chain"",""polkadot-ecosystem"",""coinbase-ventures-portfolio"",""three-arrows-capital-portfolio"",""polychain-capital-portfolio"",""lending-borowing"",""dragonfly-capital-portfolio"",""alameda-research-portfolio"",""a16z-portfolio"",""pantera-capital-portfolio"",""paradigm-portfolio""]",10000000,6528528.31005258,10000000,,92,,,2022-01-28T19:17:00Z,108.77037311777974,59978285.53050055,-12.8078,-0.61677493,-5.75369464,-20.95516183,-40.49912619,-57.63258663,-62.67403148,710110460.1944072,0.0474,1087703731.1756945,2022-01-28T19:18:02Z,1027,Ethereum,ETH,ethereum,0xc00e94cb662c3520282e6f5717214004a7f26888
2682,Holo,HOT,holo,101,2018-04-29T00:00:00Z,"[""platform"",""distributed-computing"",""filesharing"",""storage""]",,173174228546.6286,177619433541.14133,,93,,,2022-01-28T19:17:00Z,0.003936631418131294,40605652.58826408,-28.0824,-0.08069878,-1.31221861,-14.43949313,-42.1101282,-64.2702278,-59.97240536,681723108.9073074,0.0455,699222242.5453348,2022-01-28T19:18:02Z,1027,Ethereum,ETH,ethereum,0x6c6ee5e31d828de241282b9606c8e98ea48526e2
8104,1inch Network,1INCH,1inch,203,2020-12-25T00:00:00Z,"[""decentralized-exchange"",""defi"",""amm"",""binance-smart-chain"",""binance-labs-portfolio"",""blockchain-capital-portfolio"",""dragonfly-capital-portfolio"",""fabric-ventures-portfolio"",""alameda-research-portfolio"",""parafi-capital"",""spartan-group""]",,468115282.5724852,1500000000,,94,468115282.5724852,754697923.0019367,2022-01-28T19:17:00Z,1.4463947897495006,81709817.58302206,6.1058,0.09727634,-0.6659292,-16.57619667,-34.07496517,-56.86958551,-66.30906823,677079505.7149577,0.0451,2169592184.6275296,2022-01-28T19:18:02Z,1027,Ethereum,ETH,ethereum,0x111111111117dc0aa78b770fa6a738034120c302
2634,XDC Network,XDC,xinfin,50,2018-04-12T00:00:00Z,[],,12305012698.75,37705012698.75,,95,,,2022-01-28T19:17:00Z,0.0541676404318027,7700829.650369322,-19.0215,-0.23934088,-3.80985606,-15.9589196,-30.87844358,-35.47426211,-33.48006568,666533503.3746562,0.0445,2042391570.3405282,2022-01-28T19:18:02Z,,,,,
2777,IoTeX,IOTX,iotex,73,2018-05-25T00:00:00Z,"[""platform"",""iot"",""binance-smart-chain"",""hashkey-capital-portfolio"",""kenetic-capital-portfolio"",""iotex-ecosystem""]",10000000000,9540779324.30788,9626124332.32,,96,6116124331.505642,460749190.1011351,2022-01-28T19:17:00Z,0.06758569573503823,18705676.597336933,-26.3915,0.53804201,0.06936363,-20.58171919,-39.71261223,-53.34815302,8.8267298,644820208.487816,0.043,675856957.347686,2022-01-28T19:18:02Z,,,,,
2577,Ravencoin,RVN,ravencoin,93,2018-03-10T00:00:00Z,"[""mineable"",""pow"",""platform"",""crowdfunding""]",21000000000,10473290000,10473290000,,97,,,2022-01-28T19:17:00Z,0.06081265642413249,39060811.685905665,8.9517,-0.08880314,3.45696908,-10.17617585,-27.04299378,-39.29221185,-42.78938509,636908586.4003025,0.0425,1277065784.9028416,2022-01-28T19:18:02Z,,,,,
5777,renBTC,RENBTC,renbtc,37,2020-06-28T00:00:00Z,"[""defi"",""binance-smart-chain"",""wrapped-tokens"",""fantom-ecosystem""]",13698,17526.44142302,17526.44142302,,98,,,2022-01-28T19:17:00Z,33315.090535269526,23644324.919437457,1020.0475,0.13690375,1.69949278,-4.80055911,-22.15893079,-35.26037514,-39.68517497,583894982.7690094,0.0389,456350110.1530212,2022-01-28T19:18:02Z,1027,Ethereum,ETH,ethereum,0xeb4c2781e4eba804ce9a9803c67d0893436bb27d
1808,OMG Network,OMG,omg,263,2017-07-14T00:00:00Z,"[""medium-of-exchange"",""payments"",""scaling"",""state-channel"",""pantera-capital-portfolio""]",140245399,140245398.24513277,140245398.24513277,,99,,,2022-01-28T19:17:00Z,3.9822461990300115,359112732.1271073,-0.5062,-0.44843762,2.37895854,-13.81761863,-26.58276746,-46.24210211,-67.65650003,558491704.0931302,0.0372,558491707.0991365,2022-01-28T19:18:02Z,,,,,
2300,WAX,WAXP,wax,45,2017-12-21T00:00:00Z,"[""media"",""collectibles-nfts"",""gaming"",""entertainment"",""payments"",""metaverse"",""galaxy-digital-portfolio"",""kenetic-capital-portfolio"",""play-to-earn"",""okex-blockdream-ventures-portfolio""]",,1916507027.7909613,3843615899.824451,,100,,,2022-01-28T19:17:00Z,0.2718116523561407,31021605.56889386,-20.1801,-0.43474144,0.85109014,-9.1192317,-34.70670557,-58.91552468,-23.92639233,520928941.9760172,0.0347,1044739588.7561997,2022-01-28T19:18:02Z,,,,,
